Navio Ship,Bandeira Flag,Com/Len Cal/Draft,Nav,Cheg/Arrival d/m/y,Carimbo Notice,Agência Office,Operaç Operat,Mercadoria Goods,Peso Weight,Viagem Voyage,DUV,P,Terminal,IMO,Unnamed: 15_level_1
MSC LOS ANGELES,LIBERIANA,276 10.1,Long,13/06/2024 10:00:00,2555--,MSC MEDITERRANEAN SHIPPING DO BRASIL LTDA.,EMB DESC,CONTEINERES CHEIOS CONTEINERES CHEIOS,1800 18000,2453-0 2024,241782024,B,B.T.P. 1,9327798,
ALS VESTA,SINGAPURENSE,209 9,Long,05/08/2024 16:00:00,3382--,ZIM DO BRASIL LTDA.,EMB DESC,CONTEINERES CHEIOS CONTEINERES CHEIOS,1800 1800,3335-- 2024,324552024,B,TECON,9525950,
MAIPO,LIBERIANA,306 7,Long,24/11/2024 17:00:00,5059-8,ROCHAMAR AGENCIA MARITIMA S/A,EMB,CONTEINERES CHEIOS CONTEINERES CHEIOS,1620,4929-1 2024,480952024,B,EPORT 1/TECON 1,9400083,
CMA CGM MAUPASSANT,MALTESA,231 10,Long,15/01/2025 13:00:00,0192-9,UNIMAR AGENCIAMENTOS MARITIMOS LTDA,EMB DESC,CONTEINERES CHEIOS CONTEINERES CHEIOS,1800 1800,0003-5 2025,594392024,B,EPORT 1/TECON 1,9409209,
JAMAICA EXPRESS,ILHAS MARSHALL,271 13,Long,16/01/2025 21:00:00,0211-9,ROCHAMAR AGENCIA MARITIMA S/A,EMB DESC,CONTEINERES CHEIOS CONTEINERES CHEIOS,3220 210,5861-1 2024,575812024,B,EPORT 1/TECON 1,9686912,
NAVEGANTES EXPRESS,SINGAPURENSE,330 7,Long,19/01/2025 01:48:00,0251-8,ROCHAMAR AGENCIA MARITIMA S/A,EMB DESC,CONTEINERES CHEIOS CONTEINERES CHEIOS,21852 180,5942-1 2024,585402024,B,B.T.P. 1,9793935,
BF HAMBURG,LIBERIANA,293 13.5,Long,20/01/2025 06:12:00,0266-6,MSC MEDITERRANEAN SHIPPING DO BRASIL LTDA.,EMB DESC,CONTEINERES CHEIOS CONTEINERES CHEIOS,12600 1800,0197-4 2025,13802025,B,B.T.P. 1,9332860,
LOG-IN POLARIS,BRASILEIRA,186 8.1,Cabo,20/01/2025 20:35:00,0273-9,MSC MEDITERRANEAN SHIPPING DO BR,EMB DESC,CONTEINERES CHEIOS CONTEINERES CHEIOS,7200 7200,0192-2 2025,15622025,B,TECON,9852365,
SEASPAN HARRIER,HONG KONG,330 12.2,Long,21/01/2025 16:30:00,0285-2,OCEAN NETWORK EXPRESS (LATIN AMERICA) AGENCIA MARITIMA LTDA,EMB DESC,CONTEINERES CHEIOS CONTEINERES CHEIOS,1530 15300,5490-3 2024,534482024,B,B.T.P. 1,9793923,
ALESSIA,LIBERIANA,300 13.7,Long,22/01/2025,,COSCO BRASIL S/A,EMB DESC,CONTEINERES CHEIOS CONTEINERES CHEIOS,10800 3600,5726-7 2024,560882024,B,EPORT 1/TECON 1,9225653,
ALS VESTA,SINGAPURENSE,209 8,Long,22/01/2025,,ZIM DO BRASIL LTDA.,EMB DESC,CONTEINERES CHEIOS CONTEINERES CHEIOS,5400 5400,5478-3 2024,530372024,B,TECON,9525950,
AS CASPRIA,LIBERIANA,225 9.1,Long,22/01/2025,,ZIM DO BRASIL LTDA.,EMB DESC,CONTEINERES CHEIOS CONTEINERES CHEIOS,1800 1800,3529-0 2024,348882024,B,TECON,9399753,
BREMERHAVEN EXPRESS,MALTESA,300 7,Long,22/01/2025,,ROCHAMAR AGENCIA MARITIMA S/A,EMB DESC,CONTEINERES CHEIOS CONTEINERES CHEIOS,1080 26226,5872-3 2024,575842024,B,B.T.P. 1,9723253,
BRIGHT,PORTUGUESA,186 9,Long,22/01/2025,,ZIM DO BRASIL LTDA.,EMB DESC,CONTEINERES CHEIOS CONTEINERES CHEIOS,5400 5400,4749-3 2024,453742024,B,TECON,9778399,
BROOKLYN BRIDGE,JAPONESA,267 12.3,Long,22/01/2025,,OCEAN NETWORK EXPRESS (LATIN AMERICA) AGENCIA MARITIMA LTDA,EMB DESC,CONTEINERES CHEIOS CONTEINERES CHEIOS,15300 1530,5408-5 2024,527242024,B,EPORT 1/TECON 1,9458999,
CMA CGM PLATON,MALTESA,170 9.4,Long,22/01/2025,,UNIMAR AGENCIAMENTOS MARITIMOS LTDA,EMB DESC,CONTEINERES CHEIOS CONTEINERES CHEIOS,1800 1800,0203-4 2025,16222025,B,TECON,9362437,
CORCOVADO,LIBERIANA,300 9,Long,22/01/2025,,ROCHAMAR AGENCIA MARITIMA S/A,EMB DESC,CONTEINERES CHEIOS CONTEINERES CHEIOS,108 14760,5869-2 2024,576112024,B,TECON,9687564,
ENSENADA,LIBERIANA,279 10,Long,22/01/2025,,UNIMAR AGENCIAMENTOS MARITIMOS LTDA,EMB DESC,CONTEINERES CHEIOS CONTEINERES CHEIOS,1800 1800,0165-5 2025,12442025,B,EPORT 1/TECON 1,9247546,
HONG PROSPERITY,PANAMENHA,172 8,Long,22/01/2025,,UNIMAR AGENCIAMENTOS MARITIMOS LTDA,EMB DESC,CONTEINERES CHEIOS CONTEINERES CHEIOS,12600 4500,5847-9 2024,573432024,B,EPORT 1/TECON 1,9256418,
LOG-IN EVOLUTION,BRASILEIRA,200 8.1,Cabo,22/01/2025,,MSC MEDITERRANEAN SHIPPING DO BR,EMB DESC,CONTEINERES CHEIOS CONTEINERES CHEIOS,7200 7200,1621-6 2024,159252024,B,EPORT 1/TECON 1,9961960,
LOG-IN EXPERIENCE (REB),BRASILEIRA,200 8.1,Cabo,22/01/2025,,MSC MEDITERRANEAN SHIPPING DO BR,EMB DESC,CONTEINERES CHEIOS CONTEINERES CHEIOS,7200 7200,5701-4 2024,557912024,B,EPORT 1/TECON 1,9961972,
MSC ALICANTE,MALTESA,271 10.4,Long,22/01/2025,,MSC MEDITERRANEAN SHIPPING DO BRASIL LTDA.,EMB DESC,CONTEINERES CHEIOS CONTEINERES CHEIOS,1800 14400,4123-7 2024,405642024,B,B.T.P. 1,9480174,
MSC ALIYA,LIBERIANA,366 11.3,Long,22/01/2025,,MSC MEDITERRANEAN SHIPPING DO BRASIL LTDA.,EMB DESC,CONTEINERES CHEIOS CONTEINERES CHEIOS,1800 27000,5195-1 2024,503422024,B,B.T.P. 1,9842097,
MSC BARCELONA,MALTESA,270 10.4,Long,22/01/2025,,MSC MEDITERRANEAN SHIPPING DO BRASIL LTDA.,EMB,CONTEINERES CHEIOS CONTEINERES CHEIOS,1800,1606-7 2024,157952024,B,B.T.P. 1,9480186,
MSC CARMELITA,LIBERIANA,366 11.3,Long,22/01/2025,,MSC MEDITERRANEAN SHIPPING DO BRASIL LTDA.,EMB DESC,CONTEINERES CHEIOS CONTEINERES CHEIOS,1800 27000,5187-9 2024,503382024,B,B.T.P. 1,9946879,
MSC CHIARA X,LIBERIANA,347 13.8,Long,22/01/2025,,MSC MEDITERRANEAN SHIPPING DO BRASIL LTDA.,EMB DESC,CONTEINERES CHEIOS CONTEINERES CHEIOS,27000 1800,0166-1 2025,9462025,B,B.T.P. 1,9198587,
MSC CLEA,PORTUGUESA,300 13.8,Long,22/01/2025,,MSC MEDITERRANEAN SHIPPING DO BRASIL LTDA.,EMB DESC,CONTEINERES CHEIOS CONTEINERES CHEIOS,27000 1800,5192-2 2024,504672024,B,B.T.P. 1,9720524,
MSC DOMITILLE,PORTUGUESA,300 10,Long,22/01/2025,,MSC MEDITERRANEAN SHIPPING DO BRASIL LTDA.,EMB,CONTEINERES CHEIOS CONTEINERES CHEIOS,1800,0267-2 2025,23242025,B,TECON,9720201,
MSC DOMITILLE,PORTUGUESA,300 13.8,Long,22/01/2025,,MSC MEDITERRANEAN SHIPPING DO BRASIL LTDA.,EMB DESC,CONTEINERES CHEIOS CONTEINERES CHEIOS,27000 1800,5188-5 2024,503012024,B,B.T.P. 1,9720201,
MSC MAXINE,PORTUGUESA,300 10,Long,22/01/2025,,MSC MEDITERRANEAN SHIPPING DO BRASIL LTDA.,EMB DESC,CONTEINERES CHEIOS CONTEINERES CHEIOS,1800 12600,4334-8 2024,424612024,B,TECON,9720287,
MSC NOA,LIBERIANA,304 10.4,Long,22/01/2025,,MSC MEDITERRANEAN SHIPPING DO BRASIL LTDA.,EMB DESC,CONTEINERES CHEIOS CONTEINERES CHEIOS,1800 14400,4909-- 2024,472922024,B,B.T.P. 1,9398228,
MSC PEGASUS VII,LIBERIANA,300 10.1,Long,22/01/2025,,MSC MEDITERRANEAN SHIPPING DO BRASIL LTDA.,EMB DESC,CONTEINERES CHEIOS CONTEINERES CHEIOS,1800 14400,5776-4 2024,569412024,B,B.T.P. 1,9267637,
MSC PILAR VI,LIBERIANA,279 11.3,Long,22/01/2025,,MSC MEDITERRANEAN SHIPPING DO BRASIL LTDA.,EMB DESC,CONTEINERES CHEIOS CONTEINERES CHEIOS,1800 27000,5990-6 2024,586892024,B,B.T.P. 1,9248148,
MSC PUSAN,CIPRIOTA,337 13.8,Long,22/01/2025,,MSC MEDITERRANEAN SHIPPING DO BRASIL LTDA.,EMB DESC,CONTEINERES CHEIOS CONTEINERES CHEIOS,27000 1800,5916-- 2024,573452024,B,B.T.P. 1,9307229,
MSC SANTA MARIA,PANAMENHA,294 13.7,Long,22/01/2025,,MSC MEDITERRANEAN SHIPPING DO BRASIL LTDA.,EMB DESC,CONTEINERES CHEIOS CONTEINERES CHEIOS,27000 1800,5377-2 2024,524422024,B,B.T.P. 1,9290426,
PALENA,LIBERIANA,304 9,Long,22/01/2025,,ROCHAMAR AGENCIA MARITIMA S/A,EMB DESC,CONTEINERES CHEIOS CONTEINERES CHEIOS,1620 15300,5950-4 2024,575882024,B,EPORT 1/TECON 1,9306196,
PARANAGUA EXPRESS,SINGAPURENSE,330 13,Long,22/01/2025,,ROCHAMAR AGENCIA MARITIMA S/A,EMB DESC,CONTEINERES CHEIOS CONTEINERES CHEIOS,21852 180,0274-9 2025,571232024,B,ALAMOA,9786724,
RDO FORTUNE,LIBERIANA,256 10,Long,22/01/2025,,ROCHAMAR AGENCIA MARITIMA S/A,EMB,CONTEINERES CHEIOS CONTEINERES CHEIOS,2106,5912-5 2024,576132024,B,TECON,9623673,
SEATTLE C,CIPRIOTA,260 11.8,Long,22/01/2025,,COSCO BRASIL S/A,EMB DESC,CONTEINERES CHEIOS CONTEINERES CHEIOS,1800 10800,0122-4 2025,8772025,B,EPORT 1/TECON 1,9360910,
TOKYO BAY,LIBERIANA,271 7,Long,22/01/2025,,ROCHAMAR AGENCIA MARITIMA S/A,EMB DESC,CONTEINERES CHEIOS CONTEINERES CHEIOS,1620 15300,4516-9 2024,439482024,B,EPORT 1/TECON 1,9629380,
TRAIGUEN,LIBERIANA,300 9,Long,22/01/2025,,LACHMANN AGENCIA MARITIMA LTDA,EMB DESC,CONTEINERES CHEIOS CONTEINERES CHEIOS,1800 1800,0167-8 2025,10612025,B,B.T.P. 1,9627904,
XIAMEN EXPRESS,HONG KONG,336 7,Long,22/01/2025,,ROCHAMAR AGENCIA MARITIMA S/A,EMB DESC,CONTEINERES CHEIOS CONTEINERES CHEIOS,17370 360,5663-5 2024,550352024,B,B.T.P. 1,9630420,
SEASPAN OSPREY,HONG KONG,330 12.2,Long,22/01/2025 05:00:00,,OCEAN NETWORK EXPRESS (LATIN AMERICA) AGENCIA MARITIMA LTDA,EMB DESC,CONTEINERES CHEIOS CONTEINERES CHEIOS,1530 15300,5653-0 2024,551772024,B,B.T.P. 1,9786736,
GREENLAND,MALTESA,272 10.4,Long,22/01/2025 10:00:00,,MSC MEDITERRANEAN SHIPPING DO BRASIL LTDA.,EMB DESC,CONTEINERES CHEIOS CONTEINERES CHEIOS,1800 14400,0275-5 2025,23392025,B,B.T.P. 1,9970002,
CMA CGM SAO PAULO,MALTESA,336 10,Long,22/01/2025 12:00:00,,UNIMAR AGENCIAMENTOS MARITIMOS LTDA,EMB DESC,CONTEINERES CHEIOS CONTEINERES CHEIOS,1800 1800,0322-3 2025,27872025,B,TECON,9938274,
NC BREDA (REB S/L),BRASILEIRA,224 8,Cabo,22/01/2025 12:00:00,0292-5,ROCHAMAR AGENCIA MARITIMA S/A,EMB DESC,CONTEINERES CHEIOS CONTEINERES CHEIOS,4500 6300,5927-2 2024,576092024,B,TECON,9612765,
LOG-IN PANTANAL (REB),BRASILEIRA,183 9.1,Cabo,22/01/2025 13:00:00,0295-0,MSC MEDITERRANEAN SHIPPING DO BR,EMB DESC,CONTEINERES CHEIOS CONTEINERES CHEIOS,7200 7200,0316-3 2025,18032025,B,TECON,9351799,
HYUNDAI GOODWILL,COREANA,294 10,Long,22/01/2025 18:00:00,,UNIMAR AGENCIAMENTOS MARITIMOS LTDA,EMB DESC,CONTEINERES CHEIOS CONTEINERES CHEIOS,12600 4500,0162-6 2025,11422025,B,EPORT 1/TECON 1,9347607,
IRENES RULE,ILHAS MARSHALL,186 9,Long,23/01/2025,,ROCHAMAR AGENCIA MARITIMA S/A,EMB DESC,CONTEINERES CHEIOS CONTEINERES CHEIOS,4536 360,5911-9 2024,576152024,B,TECON,9953561,
MONTE ROSA,SINGAPURENSE,272 9,Long,23/01/2025,,LACHMANN AGENCIA MARITIMA LTDA,EMB DESC,CONTEINERES CHEIOS CONTEINERES CHEIOS,1800 1800,0151-4 2025,590122024,B,B.T.P. 1,9283215,
VICENTE PINZÓN,BRASILEIRA,255 9,Cabo,23/01/2025 01:00:00,,LACHMANN AGENCIA MARITIMA LTDA,EMB DESC,CONTEINERES CHEIOS CONTEINERES CHEIOS,1800 1800,0047-2 2025,2832025,B,TECON,9625396,
COSCO SHIPPING MEXICO,HONG KONG,336 11.6,Long,23/01/2025 07:00:00,,COSCO BRASIL S/A,EMB DESC,CONTEINERES CHEIOS CONTEINERES CHEIOS,3600 10800,0187-9 2025,13932025,B,TECON,9945863,
EVER LOVELY,SINGAPURENSE,335 11.8,Long,23/01/2025 07:00:00,,EVERGREEN SHIPPING AGENCY(BR) SA,EMB DESC,CONTEINERES CHEIOS CONTEINERES CHEIOS,21600 180,0306-8 2025,25952025,B,EPORT 1/TECON 1,9629110,
MAERSK LOTA,DINAMARQUESA,300 9,Long,23/01/2025 20:00:00,,LACHMANN AGENCIA MARITIMA LTDA,EMB DESC,CONTEINERES CHEIOS CONTEINERES CHEIOS,1800 1800,0150-8 2025,589662024,B,B.T.P. 1,9526954,
GSL ARCADIA,LIBERIANA,277 9,Long,24/01/2025,,LACHMANN AGENCIA MARITIMA LTDA,EMB DESC,CONTEINERES CHEIOS CONTEINERES CHEIOS,1800 1800,5975-7 2024,589202024,B,B.T.P. 1,9214214,
PEDRO ÁLVARES CABRAL,BRASILEIRA,228 9,Cabo,24/01/2025,,LACHMANN AGENCIA MARITIMA LTDA,EMB DESC,CONTEINERES CHEIOS CONTEINERES CHEIOS,3600 3600,5987-5 2024,575732024,B,B.T.P. / TECON,9603219,
MSC SARA ELENA,PORTUGUESA,300 10,Long,24/01/2025 01:00:00,,MSC MEDITERRANEAN SHIPPING DO BRASIL LTDA.,EMB DESC,CONTEINERES CHEIOS CONTEINERES CHEIOS,1800 12600,0268-9 2025,23532025,B,TECON,9702261,
MSC SHUBA B,PORTUGUESA,330 13.8,Long,24/01/2025 03:00:00,,MSC MEDITERRANEAN SHIPPING DO BRASIL LTDA.,EMB DESC,CONTEINERES CHEIOS CONTEINERES CHEIOS,27000 1800,0272-6 2025,23662025,B,B.T.P. 1,9778076,
SAN ALBERTO,LIBERIANA,186 9,Long,24/01/2025 08:00:00,,LACHMANN AGENCIA MARITIMA LTDA,EMB DESC,CONTEINERES CHEIOS CONTEINERES CHEIOS,1800 1800,0144-8 2025,590312024,B,TECON,9344643,
AS CASPRIA,LIBERIANA,225 9,Long,24/01/2025 10:21:00,,ZIM DO BRASIL LTDA.,EMB DESC,CONTEINERES CHEIOS CONTEINERES CHEIOS,1800 1800,0232-4 2025,20782025,B,TECON,9399753,
MSC KALAMATA VII,LIBERIANA,304 11.3,Long,24/01/2025 13:00:00,,MSC MEDITERRANEAN SHIPPING DO BRASIL LTDA.,EMB DESC,CONTEINERES CHEIOS CONTEINERES CHEIOS,1800 27000,0271-0 2025,23742025,B,B.T.P. 1,9244946,
CAPE PIONEER,CIPRIOTA,271 7,Long,25/01/2025,,ROCHAMAR AGENCIA MARITIMA S/A,EMB DESC,CONTEINERES CHEIOS CONTEINERES CHEIOS,18666 126,5907-1 2024,576162024,B,EPORT 1/TECON 1,9719874,
SAN LORENZO MAERSK,DINAMARQUESA,333 9,Long,25/01/2025 03:00:00,,LACHMANN AGENCIA MARITIMA LTDA,EMB DESC,CONTEINERES CHEIOS CONTEINERES CHEIOS,1800 1800,0138-8 2025,590452024,B,TECON,9622227,
SEATTLE C,CIPRIOTA,260 10.2,Long,25/01/2025 07:00:00,,COSCO BRASIL S/A,EMB DESC,CONTEINERES CHEIOS CONTEINERES CHEIOS,10800 3600,0200-5 2025,13982025,B,TECON,9360910,
MAERSK MONTE ALEGRE,SINGAPURENSE,272 9,Long,25/01/2025 08:00:00,,LACHMANN AGENCIA MARITIMA LTDA,EMB DESC,CONTEINERES CHEIOS CONTEINERES CHEIOS,1800 1800,0139-4 2025,589762024,B,TECON,9348065,
KOTA PURI,HONG KONG,330 10,Long,25/01/2025 22:00:00,,UNIMAR AGENCIAMENTOS MARITIMOS LTDA,EMB DESC,CONTEINERES CHEIOS CONTEINERES CHEIOS,12600 4500,0012-4 2025,592322024,B,EPORT 1/TECON 1,9793959,
MSC ALBANY,LIBERIANA,300 14.2,Long,25/01/2025 23:00:00,,MSC MEDITERRANEAN SHIPPING DO BRASIL LTDA.,EMB DESC,CONTEINERES CHEIOS CONTEINERES CHEIOS,18000 1800,0273-2 2025,23772025,B,B.T.P. 1,9619438,
DALIAN EXPRESS,LIBERIANA,351 9,Long,26/01/2025,,ROCHAMAR AGENCIA MARITIMA S/A,EMB DESC,CONTEINERES CHEIOS CONTEINERES CHEIOS,1620 15300,5909-4 2024,576172024,B,EPORT 1/TECON 1,9229829,
SAN RAPHAEL MAERSK,DINAMARQUESA,333 9,Long,26/01/2025,,LACHMANN AGENCIA MARITIMA LTDA,EMB DESC,CONTEINERES CHEIOS CONTEINERES CHEIOS,1800 1800,0140-2 2025,591562024,B,TECON,9622253,
COSCO SHIPPING DANUBE,HONG KONG,300 11.5,Long,26/01/2025 07:00:00,,COSCO BRASIL S/A,EMB DESC,CONTEINERES CHEIOS CONTEINERES CHEIOS,3600 9000,0304-5 2025,24022025,B,EPORT 1/TECON 1,9731913,
ZIM USA,HONG KONG,330 10.1,Long,26/01/2025 07:00:00,,ZIM DO BRASIL LTDA.,EMB DESC,CONTEINERES CHEIOS CONTEINERES CHEIOS,9000 9000,0342-4 2025,30602025,B,TECON,9945473,
CMA CGM AMAZONIA,MALTESA,336 10,Long,26/01/2025 12:00:00,,UNIMAR AGENCIAMENTOS MARITIMOS LTDA,EMB DESC,CONTEINERES CHEIOS CONTEINERES CHEIOS,1800 1800,0353-6 2025,34122025,B,EPORT 1/TECON 1,9938298,
LOG-IN JATOBÁ,BRASILEIRA,218 8.1,Cabo,26/01/2025 14:00:00,,MSC MEDITERRANEAN SHIPPING DO BR,EMB DESC,CONTEINERES CHEIOS CONTEINERES CHEIOS,7200 7200,0287-3 2025,24282025,B,TECON,9471898,
TRAIGUEN,LIBERIANA,300 9,Long,26/01/2025 18:00:00,,LACHMANN AGENCIA MARITIMA LTDA,EMB DESC,CONTEINERES CHEIOS CONTEINERES CHEIOS,1800 1800,0168-4 2025,10942025,B,B.T.P. 1,9627904,
DUSSELDORF EXPRESS,BERMUDAS,294 7,Long,27/01/2025,,ROCHAMAR AGENCIA MARITIMA S/A,EMB DESC,CONTEINERES CHEIOS CONTEINERES CHEIOS,12834 4266,5913-1 2024,576202024,B,TECON,9143556,
NC BRAVO (REB S/L),BRASILEIRA,224 9,Cabo,27/01/2025,,ROCHAMAR AGENCIA MARITIMA S/A,EMB DESC,CONTEINERES CHEIOS CONTEINERES CHEIOS,4500 6300,5934-9 2024,576212024,B,TECON,9612791,
MSC DENISSE X,LIBERIANA,347 13.8,Long,27/01/2025 01:00:00,,MSC MEDITERRANEAN SHIPPING DO BRASIL LTDA.,EMB DESC,CONTEINERES CHEIOS CONTEINERES CHEIOS,27000 1800,0352-0 2025,23982025,B,TECON,9219795,
MSC ALGHERO,PANAMENHA,300 11.3,Long,27/01/2025 03:00:00,,MSC MEDITERRANEAN SHIPPING DO BRASIL LTDA.,EMB DESC,CONTEINERES CHEIOS CONTEINERES CHEIOS,1800 27000,0292-7 2025,24072025,B,B.T.P. 1,9618288,
LOG-IN DISCOVERY (REB S/L,BRASILEIRA,209 9.1,Cabo,27/01/2025 07:00:00,,MSC MEDITERRANEAN SHIPPING DO BR,EMB DESC,CONTEINERES CHEIOS CONTEINERES CHEIOS,7200 7200,0349-9 2025,29952025,B,EPORT 1/TECON 1,9506394,
XIN CHANG SHA,CHINESA,263 11.2,Long,27/01/2025 07:00:00,,COSCO BRASIL S/A,EMB DESC,CONTEINERES CHEIOS CONTEINERES CHEIOS,3600 9000,0237-6 2025,14012025,B,TECON,9312559,
MSC VANESSA,PANAMENHA,300 10.4,Long,27/01/2025 11:00:00,,MSC MEDITERRANEAN SHIPPING DO BRASIL LTDA.,EMB DESC,CONTEINERES CHEIOS CONTEINERES CHEIOS,1800 14400,0291-- 2025,24162025,B,B.T.P. 1,9251688,
MSC CHIARA X,LIBERIANA,347 11.3,Long,28/01/2025 03:00:00,,MSC MEDITERRANEAN SHIPPING DO BRASIL LTDA.,EMB DESC,CONTEINERES CHEIOS CONTEINERES CHEIOS,1800 27000,0262-- 2025,21282025,B,B.T.P. 1,9198587,
CAPE BYRON,ILHAS MARSHALL,172 8,Long,28/01/2025 12:00:00,,UNIMAR AGENCIAMENTOS MARITIMOS LTDA,EMB DESC,CONTEINERES CHEIOS CONTEINERES CHEIOS,12600 4500,0199-7 2025,15692025,B,EPORT 1/TECON 1,9950090,
CAPE ARTEMISIO,MALTESA,330 7,Long,29/01/2025,,ROCHAMAR AGENCIA MARITIMA S/A,EMB DESC,CONTEINERES CHEIOS CONTEINERES CHEIOS,21852 180,5924-3 2024,576712024,B,B.T.P. 1,9777175,
GSL ARCADIA,LIBERIANA,277 9,Long,29/01/2025,,LACHMANN AGENCIA MARITIMA LTDA,EMB DESC,CONTEINERES CHEIOS CONTEINERES CHEIOS,1800 1800,5973-4 2024,589242024,B,B.T.P. 1,9214214,
MAERSK RUBICON,SINGAPURENSE,250 9,Long,29/01/2025,,LACHMANN AGENCIA MARITIMA LTDA,EMB DESC,CONTEINERES CHEIOS CONTEINERES CHEIOS,1800 1800,0153-7 2025,590012024,B,B.T.P. 1,9632480,
MAERSK LAVRAS,DINAMARQUESA,300 9,Long,29/01/2025 01:00:00,,LACHMANN AGENCIA MARITIMA LTDA,EMB DESC,CONTEINERES CHEIOS CONTEINERES CHEIOS,1800 1800,0152-- 2025,586002024,B,B.T.P. 1,9526928,
MONTE TAMARO,SINGAPURENSE,273 9,Long,29/01/2025 01:00:00,,LACHMANN AGENCIA MARITIMA LTDA,EMB DESC,CONTEINERES CHEIOS CONTEINERES CHEIOS,1800 1800,0145-4 2025,9512025,B,TECON,9357949,
MERCOSUL ITAJAÍ,BRASILEIRA,195 10,Cabo,29/01/2025 12:00:00,,UNIMAR AGENCIAMENTOS MARITIMOS LTDA,EMB DESC,CONTEINERES CHEIOS CONTEINERES CHEIOS,1800 1800,0366-- 2025,544092024,B,EPORT 1/TECON 1,9697002,
LOG-IN PANTANAL (REB),BRASILEIRA,183 9.1,Cabo,29/01/2025 17:00:00,,MSC MEDITERRANEAN SHIPPING DO BR,EMB DESC,CONTEINERES CHEIOS CONTEINERES CHEIOS,7200 7200,0347-6 2025,30192025,B,TECON,9351799,
BREMERHAVEN EXPRESS,MALTESA,300 7,Long,30/01/2025,,ROCHAMAR AGENCIA MARITIMA S/A,EMB DESC,CONTEINERES CHEIOS CONTEINERES CHEIOS,17370 360,5943-8 2024,576672024,B,B.T.P. 1,9723253,
IRENES RESOLVE,LIBERIANA,257 12,Long,30/01/2025,,ROCHAMAR AGENCIA MARITIMA S/A,EMB DESC,CONTEINERES CHEIOS CONTEINERES CHEIOS,4536 360,5936-1 2024,576222024,B,TECON,9227273,
SEBASTIÃO CABOTO,BRASILEIRA,228 9,Cabo,30/01/2025,,LACHMANN AGENCIA MARITIMA LTDA,EMB DESC,CONTEINERES CHEIOS CONTEINERES CHEIOS,3600 3600,0045-0 2025,576062024,B,B.T.P. / TECON,9602875,
MAERSK GANGES (REB),BRASILEIRA,255 9,Cabo,30/01/2025 01:00:00,,LACHMANN AGENCIA MARITIMA LTDA,EMB DESC,CONTEINERES CHEIOS CONTEINERES CHEIOS,1800 1800,0171-5 2025,3042025,B,TECON,9694581,
COSCO SHIPPING URUGUAY,HONG KONG,336 11.2,Long,30/01/2025 07:00:00,,COSCO BRASIL S/A,EMB DESC,CONTEINERES CHEIOS CONTEINERES CHEIOS,9000 3600,0231-8 2025,14022025,B,TECON,9945851,
CMA CGM BELEM,MALTESA,336 10,Long,30/01/2025 12:00:00,,UNIMAR AGENCIAMENTOS MARITIMOS LTDA,EMB DESC,CONTEINERES CHEIOS CONTEINERES CHEIOS,1800 1800,0374-3 2025,35912025,B,TECON,9938286,
COSCO SHIPPING RHINE,HONG KONG,300 11.6,Long,31/01/2025 07:00:00,,COSCO BRASIL S/A,EMB DESC,CONTEINERES CHEIOS CONTEINERES CHEIOS,3600 9000,0201-1 2025,14032025,B,EPORT 1/TECON 1,9731951,
AS SABINE,LIBERIANA,172 9,Long,31/01/2025 08:00:00,,LACHMANN AGENCIA MARITIMA LTDA,EMB DESC,CONTEINERES CHEIOS CONTEINERES CHEIOS,1800 1800,5981-7 2024,587582024,B,TECON,9813802,
MAERSK RUBICON,SINGAPURENSE,250 9,Long,01/02/2025 02:00:00,,LACHMANN AGENCIA MARITIMA LTDA,EMB DESC,CONTEINERES CHEIOS CONTEINERES CHEIOS,1800 1800,0261-4 2025,590042024,B,B.T.P. 1,9632480,
SAN MARCO MAERSK,DINAMARQUESA,333 9,Long,01/02/2025 03:00:00,,LACHMANN AGENCIA MARITIMA LTDA,EMB DESC,CONTEINERES CHEIOS CONTEINERES CHEIOS,1800 1800,0247-1 2025,590552024,B,TECON,9622215,
BBC ECHO,ANTIGUANA,139 7.5,Long,01/02/2025 06:00:00,,BPA AGENCIAMENTOS MARITIMOS LTDA.,DESC,CONTEINERES CHEIOS,540,0350-7 2025,32902025,B,TECONDI,9407603,
PALENA,LIBERIANA,304 9,Long,01/02/2025 11:00:00,,ROCHAMAR AGENCIA MARITIMA S/A,EMB DESC,CONTEINERES CHEIOS CONTEINERES CHEIOS,1620 15300,0072-7 2025,5722025,B,EPORT 1/TECON 1,9306196,
SAN ANTONIO MAERSK,DINAMARQUESA,333 9,Long,02/02/2025 02:00:00,,LACHMANN AGENCIA MARITIMA LTDA,EMB DESC,CONTEINERES CHEIOS CONTEINERES CHEIOS,1800 1800,0249-4 2025,590422024,B,TECON,9622241,
MAERSK LA PAZ,DINAMARQUESA,300 9,Long,02/02/2025 14:00:00,,LACHMANN AGENCIA MARITIMA LTDA,EMB DESC,CONTEINERES CHEIOS CONTEINERES CHEIOS,1800 1800,0323-0 2025,589412024,B,TECON,9526899,
MAERSK LOTA,DINAMARQUESA,300 9,Long,02/02/2025 18:00:00,,LACHMANN AGENCIA MARITIMA LTDA,EMB DESC,CONTEINERES CHEIOS CONTEINERES CHEIOS,1800 1800,0263-7 2025,589692024,B,B.T.P. 1,9526954,
HYUNDAI PARAMOUNT,LIBERIANA,255 10,Long,02/02/2025 19:00:00,,UNIMAR AGENCIAMENTOS MARITIMOS LTDA,EMB DESC,CONTEINERES CHEIOS CONTEINERES CHEIOS,12600 4500,0236-0 2025,18172025,B,EPORT 1/TECON 1,9625542,
AS CASPRIA,LIBERIANA,225 9,Long,03/02/2025 10:24:00,,ZIM DO BRASIL LTDA.,EMB DESC,CONTEINERES CHEIOS CONTEINERES CHEIOS,1800 1800,0229-3 2025,20812025,B,TECON,9399753,
CAP SAN TAINARO,PANAMENHA,333 9,Long,04/02/2025 08:00:00,,LACHMANN AGENCIA MARITIMA LTDA,EMB DESC,CONTEINERES CHEIOS CONTEINERES CHEIOS,1800 1800,0257-7 2025,589192024,B,B.T.P. 1,9633965,
HYUNDAI SUPREME,ILHAS MARSHALL,294 10,Long,05/02/2025 19:00:00,,UNIMAR AGENCIAMENTOS MARITIMOS LTDA,EMB DESC,CONTEINERES CHEIOS CONTEINERES CHEIOS,12600 4500,0341-8 2025,31142025,B,EPORT 1/TECON 1,9347619,
BARTOLOMEU DIAS,BRASILEIRA,255 9,Cabo,06/02/2025 02:00:00,,LACHMANN AGENCIA MARITIMA LTDA,EMB DESC,CONTEINERES CHEIOS CONTEINERES CHEIOS,1800 1800,0049-5 2025,3352025,B,TECON,9625384,
NYK DIANA,PANAMENHA,294 9.9,Long,06/02/2025 11:00:00,,OCEAN NETWORK EXPRESS (LATIN AMERICA) AGENCIA MARITIMA LTDA,EMB,CONTEINERES CHEIOS CONTEINERES CHEIOS,1530,5865-7 2024,578092024,B,EPORT 1/TECON 1,9337688,
SEASPAN HARRIER,HONG KONG,330 14.5,Long,06/02/2025 11:00:00,,OCEAN NETWORK EXPRESS (LATIN AMERICA) AGENCIA MARITIMA LTDA,EMB DESC,CONTEINERES CHEIOS CONTEINERES CHEIOS,15300 1530,5867-0 2024,578192024,B,B.T.P. 1,9793923,
MAERSK LAMANAI,DINAMARQUESA,300 9,Long,06/02/2025 20:00:00,,LACHMANN AGENCIA MARITIMA LTDA,EMB DESC,CONTEINERES CHEIOS CONTEINERES CHEIOS,1800 1800,0259-0 2025,589472024,B,B.T.P. 1,9527051,
FERNÃO DE MAGALHÃES,BRASILEIRA,228 9,Cabo,07/02/2025,,LACHMANN AGENCIA MARITIMA LTDA,EMB DESC,CONTEINERES CHEIOS CONTEINERES CHEIOS,3600 3600,0071-- 2025,4682025,B,B.T.P. / TECON,9603221,
SAN ALBERTO,LIBERIANA,186 9,Long,07/02/2025 08:00:00,,LACHMANN AGENCIA MARITIMA LTDA,EMB DESC,CONTEINERES CHEIOS CONTEINERES CHEIOS,1800 1800,0248-8 2025,590332024,B,TECON,9344643,
KOTA PUSAKA,HONG KONG,330 10,Long,07/02/2025 15:00:00,,UNIMAR AGENCIAMENTOS MARITIMOS LTDA,EMB DESC,CONTEINERES CHEIOS CONTEINERES CHEIOS,12600 4500,0367-7 2025,35552025,B,EPORT 1/TECON 1,9793961,
BREMEN BELLE,SINGAPURENSE,281 9,Long,07/02/2025 16:00:00,,LACHMANN AGENCIA MARITIMA LTDA,EMB DESC,CONTEINERES CHEIOS CONTEINERES CHEIOS,1800 1800,0260-8 2025,587712024,B,B.T.P. 1,9367188,
SAN NICOLAS MAERSK,DINAMARQUESA,333 9,Long,08/02/2025 03:00:00,,LACHMANN AGENCIA MARITIMA LTDA,EMB DESC,CONTEINERES CHEIOS CONTEINERES CHEIOS,1800 1800,0245-9 2025,590612024,B,TECON,9622203,
MONTE VERDE,SINGAPURENSE,272 9,Long,09/02/2025 02:00:00,,LACHMANN AGENCIA MARITIMA LTDA,EMB DESC,CONTEINERES CHEIOS CONTEINERES CHEIOS,1800 1800,0251-9 2025,590162024,B,TECON,9283239,
SAN LORENZO MAERSK,DINAMARQUESA,333 9,Long,09/02/2025 02:00:00,,LACHMANN AGENCIA MARITIMA LTDA,EMB DESC,CONTEINERES CHEIOS CONTEINERES CHEIOS,1800 1800,0254-8 2025,590542024,B,TECON,9622227,
MAERSK LEBU,DINAMARQUESA,300 9,Long,09/02/2025 14:00:00,,LACHMANN AGENCIA MARITIMA LTDA,EMB DESC,CONTEINERES CHEIOS CONTEINERES CHEIOS,1800 1800,0244-2 2025,589532024,B,TECON,9526930,
SEASPAN OSPREY,HONG KONG,330 14.5,Long,09/02/2025 23:00:00,,OCEAN NETWORK EXPRESS (LATIN AMERICA) AGENCIA MARITIMA LTDA,EMB DESC,CONTEINERES CHEIOS CONTEINERES CHEIOS,15300 1530,5866-3 2024,578222024,B,B.T.P. 1,9786736,
CORCOVADO,LIBERIANA,300 9,Long,10/02/2025 11:00:00,,ROCHAMAR AGENCIA MARITIMA S/A,EMB,CONTEINERES CHEIOS CONTEINERES CHEIOS,26298,0073-3 2025,5792025,B,B.T.P. 1,9687564,
MAERSK REDWOOD,SINGAPURENSE,200 9,Long,10/02/2025 11:00:00,,LACHMANN AGENCIA MARITIMA LTDA,EMB DESC,CONTEINERES CHEIOS CONTEINERES CHEIOS,1800 1800,0243-6 2025,589982024,B,TECON,9943085,
VICENTE PINZÓN,BRASILEIRA,255 9,Cabo,13/02/2025 02:00:00,,LACHMANN AGENCIA MARITIMA LTDA,EMB DESC,CONTEINERES CHEIOS CONTEINERES CHEIOS,1800 1800,0048-9 2025,3132025,B,TECON,9625396,
MAERSK LEON (AO),DINAMARQUESA,300 9,Long,13/02/2025 20:00:00,,LACHMANN AGENCIA MARITIMA LTDA,EMB DESC,CONTEINERES CHEIOS CONTEINERES CHEIOS,1800 1800,0256-- 2025,589582024,B,B.T.P. 1,9526966,
AS SABINE,LIBERIANA,172 9,Long,14/02/2025 08:00:00,,LACHMANN AGENCIA MARITIMA LTDA,EMB DESC,CONTEINERES CHEIOS CONTEINERES CHEIOS,1800 1800,0250-2 2025,587672024,B,TECON,9813802,
PL GERMANY,SINGAPURENSE,281 9,Long,14/02/2025 16:00:00,,LACHMANN AGENCIA MARITIMA LTDA,EMB DESC,CONTEINERES CHEIOS CONTEINERES CHEIOS,1800 1800,0258-3 2025,590252024,B,B.T.P. 1,9288394,
CAP SAN ARTEMISSIO,PANAMENHA,333 9,Long,15/02/2025 03:00:00,,LACHMANN AGENCIA MARITIMA LTDA,EMB DESC,CONTEINERES CHEIOS CONTEINERES CHEIOS,1800 1800,0253-1 2025,587752024,B,TECON,9633939,
MONTE VERDE,SINGAPURENSE,272 9,Long,15/02/2025 08:00:00,,LACHMANN AGENCIA MARITIMA LTDA,EMB DESC,CONTEINERES CHEIOS CONTEINERES CHEIOS,1800 1800,0252-5 2025,590202024,B,TECON,9283239,
SAN MARCO MAERSK,DINAMARQUESA,333 9,Long,16/02/2025 02:00:00,,LACHMANN AGENCIA MARITIMA LTDA,EMB DESC,CONTEINERES VAZIOS CONTEINERES CHEIOS,100 1800,0230-1 2025,20712025,B,TECON,9622215,
MAERSK LUZ,DINAMARQUESA,300 9,Long,16/02/2025 14:00:00,,LACHMANN AGENCIA MARITIMA LTDA,EMB DESC,CONTEINERES CHEIOS CONTEINERES CHEIOS,1800 1800,0302-2 2025,589712024,B,TECON,9526904,
MAERSK LAMANAI,DINAMARQUESA,300 9,Long,16/02/2025 18:00:00,,LACHMANN AGENCIA MARITIMA LTDA,EMB DESC,CONTEINERES CHEIOS CONTEINERES CHEIOS,1800 1800,0293-3 2025,589502024,B,B.T.P. 1,9527051,
MAERSK ACADIA,PANAMENHA,200 9,Long,17/02/2025 11:00:00,,LACHMANN AGENCIA MARITIMA LTDA,EMB DESC,CONTEINERES CHEIOS CONTEINERES CHEIOS,1800 1800,0301-6 2025,589282024,B,TECON,9928188,
MAERSK LA PAZ,DINAMARQUESA,300 9,Long,18/02/2025 08:00:00,,LACHMANN AGENCIA MARITIMA LTDA,EMB DESC,CONTEINERES CHEIOS CONTEINERES CHEIOS,1800 1800,0315-7 2025,589452024,B,B.T.P. 1,9526899,
NYK DIANA,PANAMENHA,294 12.3,Long,18/02/2025 13:00:00,,OCEAN NETWORK EXPRESS (LATIN AMERICA) AGENCIA MARITIMA LTDA,EMB DESC,CONTEINERES CHEIOS CONTEINERES CHEIOS,15300 1530,5948-0 2024,585782024,B,EPORT 1/TECON 1,9337688,
MAERSK MONTE LINZOR,SINGAPURENSE,272 9,Long,19/02/2025 02:00:00,,LACHMANN AGENCIA MARITIMA LTDA,EMB DESC,CONTEINERES CHEIOS CONTEINERES CHEIOS,1800 1800,0296-2 2025,589872024,B,TECON,9283186,
SAN ALBERTO,LIBERIANA,186 9,Long,21/02/2025 08:00:00,,LACHMANN AGENCIA MARITIMA LTDA,EMB DESC,CONTEINERES CHEIOS CONTEINERES CHEIOS,1800 1800,0298-5 2025,590362024,B,TECON,9344643,
PL GERMANY,SINGAPURENSE,281 9,Long,22/02/2025 02:00:00,,LACHMANN AGENCIA MARITIMA LTDA,EMB DESC,CONTEINERES CHEIOS CONTEINERES CHEIOS,1800 1800,0312-8 2025,590282024,B,B.T.P. 1,9288394,
SAN AUGUSTIN MAERSK,DINAMARQUESA,333 9,Long,22/02/2025 03:00:00,,LACHMANN AGENCIA MARITIMA LTDA,EMB DESC,CONTEINERES CHEIOS CONTEINERES CHEIOS,1800 1800,0297-9 2025,590432024,B,TECON,9622239,
SAN NICOLAS MAERSK,DINAMARQUESA,333 9,Long,23/02/2025 02:00:00,,LACHMANN AGENCIA MARITIMA LTDA,EMB DESC,CONTEINERES CHEIOS CONTEINERES CHEIOS,1800 1800,0299-1 2025,590692024,B,TECON,9622203,
MAERSK LINS,DINAMARQUESA,300 9,Long,23/02/2025 14:00:00,,LACHMANN AGENCIA MARITIMA LTDA,EMB DESC,CONTEINERES CHEIOS CONTEINERES CHEIOS,1800 1800,0300-0 2025,589632024,B,TECON,9527025,
MAERSK LEON (AO),DINAMARQUESA,300 9,Long,23/02/2025 18:00:00,,LACHMANN AGENCIA MARITIMA LTDA,EMB DESC,CONTEINERES CHEIOS CONTEINERES CHEIOS,1800 1800,0310-5 2025,589612024,B,B.T.P. 1,9526966,
MAERSK LEBU,DINAMARQUESA,300 9,Long,25/02/2025 08:00:00,,LACHMANN AGENCIA MARITIMA LTDA,EMB DESC,CONTEINERES CHEIOS CONTEINERES CHEIOS,1800 1800,0313-4 2025,589572024,B,B.T.P. 1,9526930,
TRAIGUEN,LIBERIANA,300 9,Long,27/02/2025 20:00:00,,LACHMANN AGENCIA MARITIMA LTDA,EMB DESC,CONTEINERES CHEIOS CONTEINERES CHEIOS,1800 1800,0314-- 2025,11072025,B,B.T.P. 1,9627904,
MAERSK MONTE LINZOR,SINGAPURENSE,272 9,Long,01/03/2025 01:00:00,,LACHMANN AGENCIA MARITIMA LTDA,EMB DESC,CONTEINERES CHEIOS CONTEINERES CHEIOS,1800 1800,0321-7 2025,27452025,B,TECON,9283186,
